{
    "noOfMembers": "2,341,980",
    "topSymptoms" : ["Allergy", "Acne", "Cough", "ADHD", "Pay Bill"],
    "infoCardData" : [
        {
            "cardName" : "SymptomBot",
            "cardDetail" : "The easiest way to check your symptoms using Artificial Intelligence.",
            "noOfUsers" : "8,000,000 Symptoms Checked",
            "accuracy" : "93%",
            "cost" : "Free",
            "isNow" : true,
            "isPopular" : false,
            "buttonText" : "Get Answers",
            "buttonClass" : "buttonBlack"
        },
        {
            "cardName" : "VaxYes",
            "cardDetail" : "The simplest way to get and save a verified vaccine passpost.",
            "noOfUsers" : "+1,000,000 Users",
            "setupTime" : "2 Minutes",
            "cost" : "Free",
            "isNow" : false,
            "isPopular" : true,
            "buttonText" : "Get Yours",
            "buttonClass" : "buttonGreen"
        },
        {
            "cardName" : "General Visit",
            "cardDetail" : "The new way to see top providers and doctors online, at the best possible prices.",
            "noOfProviders" : "40,000 Providers Available",
            "timeToVisit" : "20 Min",
            "cost" : "Always $29",
            "isNow" : false,
            "isPopular" : false,
            "buttonText" : "Sign-Up for Beta Access",
            "buttonClass" : "buttonBlack"
        },
        {
            "cardName" : "BenefitsChecker",
            "cardDetail" : "The easiest way to get your detailed health insurance report, and see what you're eligible for.",
            "noOfUsers" : "100,500 Created",
            "setupTime" : "1 Min",
            "cost" : "Free",
            "isNow" : false,
            "isPopular" : false,
            "buttonText" : "Sign-Up for Beta Access",
            "buttonClass" : "buttonBlack"
        }
    ]
}